seed,winner,gmm_backward_raw,gmm_forward_realism_raw,gmm_composition_realism_raw,gmm_backward_score,gmm_forward_realism_score,gmm_composition_realism_score,gmm_total_score,bgmm_backward_raw,bgmm_forward_realism_raw,bgmm_composition_realism_raw,bgmm_backward_score,bgmm_forward_realism_score,bgmm_composition_realism_score,bgmm_total_score,score_gap
42,GMM,0.9373403449918931,0.14685657262827911,0.2711010119613642,1.0,1.0,1.0,1.0,0.9512032443737664,0.20676009653507507,0.30972247862717683,0.0,0.0,0.0,0.0,1.0
52,GMM,0.9472892781976942,0.14122553710492622,0.2209683906490096,1.0,1.0,1.0,1.0,0.9517063939906183,0.22777641825166015,0.29191360914575926,0.0,0.0,0.0,0.0,1.0
62,GMM,0.9060615556584763,0.15054088941287833,0.21124551857728538,1.0,1.0,1.0,1.0,0.9660727916372034,0.22823807864886708,0.25945002797861083,0.0,0.0,0.0,0.0,1.0
72,GMM,0.9299994486849985,0.1447405520506972,0.21103274210587517,1.0,1.0,1.0,1.0,0.9511938574153607,0.2209964247101023,0.28705167545234567,0.0,0.0,0.0,0.0,1.0
82,GMM,0.9377606125640946,0.13961003647982662,0.18449631817693377,1.0,1.0,1.0,1.0,0.950047494194969,0.20437182798167577,0.2456408673736206,0.0,0.0,0.0,0.0,1.0
