generator,backward_raw,forward_realism_raw,composition_realism_raw,backward_score,forward_realism_score,composition_realism_score,total_score
GMM,1.0168501677204245,0.15097843507817568,0.26172940617696855,1.0,1.0,1.0,1.0
BGMM,1.080741711980171,0.20906427075600773,0.2636075743679663,0.0,0.0,0.0,0.0
